variable,mean,sd,5.5%,95.5%
b0,0.95847774725,0.03212287313092361,0.9069695050000001,1.0133009
b1,2.6057050225,0.07742819228962926,2.4816756,2.7380427
cutpoints[1],-1.6276971775,0.06346281372417978,-1.7271933,-1.5218765
cutpoints[2],-0.798175857,0.057586244744291915,-0.88986053,-0.70084584
cutpoints[3],-0.22459025691,0.055383741180612164,-0.31229176000000003,-0.13099755000000007
cutpoints[4],0.230890977225,0.055963381848198296,0.14241702,0.32852929999999997
