variable,mean,sd,5.5%,95.5%
b0,3.0863238025,0.22720705896445387,2.72722955,3.4784861
cutpoints[1],-4.505312695,0.33372114148080995,-5.0430349,-3.96058695
cutpoints[2],-3.47208388,0.288533694331679,-3.9464397499999997,-2.9894815500000003
cutpoints[3],-2.750162695,0.2651032982604594,-3.17665265,-2.3001659500000002
cutpoints[4],-2.052128785,0.24864724456834753,-2.4525065,-1.62804865
