Parameter,WAIC,SE,dWAIC,dSE,pWAIC,weight
model_3.3gq,7378.53949613447,118.67721843257522,0,NA,12.147621300083035,1
model_3.2gq,7514.859943164322,118.6079404224859,136.3204470298524,28.23721596094537,8.6675986338354285,2.5025977062338906e-30
model_3.1gq,7551.081830813175,119.05515458218342,172.54233467870472,32.157334969383314,7.880792228572126,3.4112070232315416e-38
