variable,mean,sd,5.5%,95.5%
b0,1.49635795,0.05718809968064834,1.40530505,1.5932545
b1,0.692092532,0.02506555143150889,0.652572945,0.73537844
cutpoints[1],-4.4734013125,0.13342603023881308,-4.6845754,-4.2483891
cutpoints[2],-3.1781486775,0.11493651390281953,-3.3606820999999996,-2.9830493000000007
cutpoints[3],-2.3204629325,0.10624794308892808,-2.48630715,-2.1427696500000004
cutpoints[4],-1.6223581075,0.10272603282371207,-1.78071165,-1.4497537
