variable,mean,sd,5.5%,95.5%
b0,1.061406365,0.04853802358797927,0.983986415,1.1436317999999999
cutpoints[1],-2.77339132,0.09920371877335152,-2.9349248500000003,-2.60901685
cutpoints[2],-1.8542958375,0.0914060811101459,-2.0012111,-1.7014214500000002
cutpoints[3],-1.23323065175,0.08677226147521368,-1.3682838499999999,-1.08537955
cutpoints[4],-0.71730994225,0.08524156197912833,-0.8527540250000001,-0.57180358
