variable,mean,sd,5.5%,95.5%
b0,0.8163379725,0.028456611125825145,0.77087469,0.8645502599999999
b1,0.37290766,0.012018593345974559,0.353827775,0.39346594500000004
cutpoints[1],-2.517286865,0.0677648616282041,-2.62603,-2.4018823499999997
cutpoints[2],-1.78962868,0.06057582764297371,-1.88555275,-1.6873041500000001
cutpoints[3],-1.300031545,0.05736430662120399,-1.3911511,-1.2030582
cutpoints[4],-0.90188544025,0.05586022263604637,-0.9906152750000001,-0.809338565
