variable,mean,sd,5.5%,95.5%
b0,0.57044253375,0.025277545238722943,0.529573175,0.6131558100000001
cutpoints[1],-1.577551715,0.05514549288251116,-1.66470165,-1.48357235
cutpoints[2],-1.0351535245,0.05210097244312509,-1.1171965999999998,-0.9449539350000001
cutpoints[3],-0.665205855,0.0504847907188636,-0.744738235,-0.58040809
