variable,mean,sd,5.5%,95.5%
b0,0.85015980675,0.029739591825248504,0.80299624,0.9022566249999999
b1,0.7857574435,0.02896889967008294,0.739490785,0.83490943
cutpoints[1],-3.6097064425,0.09550121961423395,-3.7607041999999997,-3.4512141500000006
cutpoints[2],-2.9088935525,0.0885268824879511,-3.0509722,-2.7606825500000003
cutpoints[3],-2.43993542,0.08416390831104,-2.57394275,-2.3012282
cutpoints[4],-2.0554114225,0.08189554047345224,-2.1892733,-1.920471
