variable,mean,sd,5.5%,95.5%
b0,1.491910215,0.05699511732730764,1.4011674499999998,1.59028935
b1,1.3569193325,0.04515611569406283,1.2856447,1.4335153999999999
cutpoints[1],-12.64059575,0.35599834782320366,-13.2098055,-12.042282
cutpoints[2],-11.3303919,0.3376020695045032,-11.8702935,-10.7552325
cutpoints[3],-10.4533562775,0.3268103662405594,-10.9778045,-9.906351650000001
cutpoints[4],-9.7344997225,0.3196839824185781,-10.253416499999998,-9.196769100000001
