variable,mean,sd,5.5%,95.5%
b0,1.498832245,0.057586727787002086,1.4101301,1.5983243999999996
b1,1.4072117,0.055404466569392755,1.31964955,1.5012203499999999
cutpoints[1],-6.31770657,0.17996053153278496,-6.6115337499999995,-6.0200109500000005
cutpoints[2],-5.090713915,0.16090926408224496,-5.346774849999999,-4.8233937000000005
cutpoints[3],-4.28127812,0.1503991669279413,-4.52215495,-4.0332111
cutpoints[4],-3.6160388525,0.14351583538101126,-3.8446209,-3.3814201
