variable,mean,sd,5.5%,95.5%
b0,1.8175602,0.06446148115074643,1.7122489,1.9276172
b1,4.5095987275,0.1456700687901982,4.27598515,4.7624318
cutpoints[1],-3.065843495,0.11903659857491328,-3.2576122,-2.8650246
cutpoints[2],-1.6196204475,0.10622249395928565,-1.7893164000000001,-1.43594795
cutpoints[3],-0.6162859615,0.10091833345893624,-0.776316595,-0.445044815
cutpoints[4],0.19621901069175,0.10293537026130577,0.034047644999999994,0.3714317749999999
