Parameter,PSIS,SE,dPSIS,dSE,pPSIS,weight
model_3.3gq,7378.578586187827,118.68972985364252,0,NA,12.167166326759716,1
model_3.2gq,7514.885355248594,118.62023831965033,136.3067690607677,28.237601276024186,8.68030467597016,2.5197715922955967e-30
model_3.1gq,7551.106968074786,119.06753728888361,172.52838188695932,32.157735309747125,7.8933608593762,3.435088159100161e-38
