"","WAIC","SE","dWAIC","dSE","pWAIC","weight"
"model_2.4.2gq",3702.52083777136,82.3349663180561,0,NA,11.6167805901315,1
"model_2.4.1gq",3791.91901636831,81.5387966075893,89.3981785969449,24.5785431299032,11.6635359283499,3.86751646763099e-20
"model_2.4gq",3847.28335986379,82.1211451074667,144.762522092431,28.9559483455214,8.36623538149472,3.67466484399765e-32
"model_2.3gq",4744.43002961521,85.311848955657,1041.90919184385,66.2765914469479,9.63003919517765,5.65319113133618e-227
"model_2.7gq",5321.9295431253,88.5734807904119,1619.40870535394,77.4748763684195,7.05915466354454,0
"model_2.5gq",5565.87517785359,85.6047637147423,1863.35434008223,77.2154221136261,6.92361620442557,0
"model_2.6gq",5747.53839177426,90.5376034312738,2045.0175540029,82.0544892256402,7.72161873185735,0
"model_2.2gq",5895.84557014794,85.9620012053037,2193.32473237657,79.8059013497761,7.24446503476922,0
"model_2.1gq",6834.80311403241,71.2976407030778,3132.28227626105,81.6647608743791,5.81499421127759,0
