variable,mean,sd,5.5%,95.5%
b0,3.0911167575,0.22151360103325907,2.7390738999999997,3.47039315
cutpoints[1],-4.512477995,0.3264855486684706,-5.04319375,-3.9753221000000005
cutpoints[2],-3.4759833625,0.27916942913329396,-3.9158090999999997,-2.9984556
cutpoints[3],-2.7531674125,0.2567759823221483,-3.1613295000000003,-2.32340905
cutpoints[4],-2.0502828675,0.24478090625704335,-2.4360200499999998,-1.6316886500000007
