variable,mean,sd,5.5%,95.5%
b0,0.8589629085,0.02933059451008804,0.812625845,0.908384125
b1,0.80332816025,0.02422379285715114,0.764728825,0.84479235
cutpoints[1],-7.4804953075,0.1918928904847965,-7.78909165,-7.158187900000001
cutpoints[2],-6.71829558,0.18396893702962888,-7.0139853,-6.411866750000001
cutpoints[3],-6.20366275,0.17915678630031534,-6.4923921,-5.900566
cutpoints[4],-5.78330407,0.17575071604970233,-6.06532145,-5.4852681500000005
