variable,mean,sd,5.5%,95.5%
b0,1.063084729,0.04937009591019249,0.98310803,1.14760125
cutpoints[1],-2.777854335,0.10178440755986819,-2.9422805499999996,-2.6044810000000003
cutpoints[2],-1.8584253825000001,0.09217793172190308,-2.0070877000000005,-1.7037682
cutpoints[3],-1.2369184105,0.08797754417240596,-1.37652165,-1.0870565
cutpoints[4],-0.7215043695,0.08617519879684868,-0.858704905,-0.57280966
