Parameter,WAIC,SE,dWAIC,dSE,pWAIC,weight
model_3.3gq,7378.628370010151,118.67837025550564,0,NA,12.120664757163365,1
model_3.2gq,7515.156206724205,118.56780642271606,136.5278367140536,28.274817775309806,8.908554294591553,2.2560927216075442e-30
model_3.1gq,7550.757703190051,119.15331042005212,172.12933317989973,32.23406077683057,7.756907211742633,4.193630991811837e-38
