variable,mean,sd,5.5%,95.5%
b0,3.6222145075,0.28084945277058637,3.17544995,4.10024435
cutpoints[1],-5.30264299,0.4278458573313744,-6.0027843999999995,-4.5711879500000006
cutpoints[2],-3.8985868475,0.37639977488053744,-4.51396805,-3.28294695
cutpoints[3],-2.891035205,0.34304186369059836,-3.4405699000000003,-2.3084677499999997
cutpoints[4],-1.91657158375,0.3268907263640071,-2.4396107999999996,-1.3559931000000003
