Parameter,PSIS,SE,dPSIS,dSE,pPSIS,weight
model_3.3gq,7379.207983167888,118.62763276786642,0,NA,12.462272280813412,1
model_3.2gq,7514.771293092424,118.59209920033942,135.56330992453513,28.204611304705928,8.680342544087296,3.654275410889725e-30
model_3.1gq,7550.422676440037,119.05600742099074,171.2146932721489,32.14466799098716,7.586541231754537,6.625241988023234e-38
