variable,mean,sd,5.5%,95.5%
b0,5.0116153775,0.38667824590481104,4.39582445,5.682181999999999
cutpoints[1],-7.37136746,0.5757287225976783,-8.27805365,-6.4118794
cutpoints[2],-5.6652128,0.49164820601033243,-6.470591,-4.8539601
cutpoints[3],-4.469989665,0.44908007604971073,-5.19876245,-3.724852650000001
cutpoints[4],-3.294163655,0.4212485668094323,-3.9690256500000003,-2.593551000000001
